timestamp,GPU Compute (TFLOPS),Network Bandwidth (GB/s),SSD Write (MB/s),SSD Read (MB/s),Home NFS Write (MB/s),Home NFS Read (MB/s),Work NFS Write (MB/s),Work NFS Read (MB/s),Avg Temp (C),Avg Power (W),Avg Util (%),Avg VRAM (MB),Progress,Rank_0_TFLOPS,Rank_1_TFLOPS,Rank_2_TFLOPS,Rank_3_TFLOPS,Rank_4_TFLOPS,Rank_5_TFLOPS,Rank_6_TFLOPS,Rank_7_TFLOPS,Rank_8_TFLOPS,Rank_9_TFLOPS,Rank_10_TFLOPS,Rank_11_TFLOPS,Rank_12_TFLOPS,Rank_13_TFLOPS,Rank_14_TFLOPS,Rank_15_TFLOPS
2026-02-25 11:38:56,657.134033203125,189.8251495361328,342.14923095703125,3039.28173828125,542.39990234375,1403.55908203125,1278.028564453125,1047.02783203125,51.36250305175781,275.67852783203125,99.7750015258789,129524.9453125,10/10 loops,658.2588500976562,657.4406127929688,652.8410034179688,659.3316650390625,655.77978515625,650.6556396484375,659.5029296875,644.3101806640625,660.809326171875,662.557373046875,668.556396484375,652.8637084960938,653.9205322265625,659.233154296875,653.53369140625,664.5489501953125
2026-02-25 11:39:53,672.2984619140625,194.4925994873047,332.17828369140625,3044.53369140625,505.5870666503906,1451.7333984375,1281.0985107421875,1040.2757568359375,51.39374923706055,275.0135498046875,99.66874694824219,129526.859375,20/20 loops,674.5913696289062,671.4244995117188,667.64453125,674.9754028320312,670.2572021484375,665.4436645507812,676.0589599609375,660.2759399414062,676.348876953125,676.9969482421875,684.0643310546875,668.8690185546875,668.4666137695312,673.9791259765625,667.7994384765625,679.5784301757812
2026-02-25 11:40:49,677.5796508789062,194.46568298339844,306.9827880859375,3041.60986328125,472.7855224609375,1439.777587890625,1282.013916015625,1047.857177734375,51.395835876464844,274.811279296875,99.76875305175781,129527.4921875,30/30 loops,679.00537109375,676.6249389648438,672.9700317382812,680.47265625,676.2435302734375,671.7348022460938,681.048095703125,664.4002075195312,681.6787719726562,682.2064819335938,689.5060424804688,674.2554321289062,672.4974975585938,680.0440063476562,673.568115234375,685.018798828125
2026-02-25 11:41:41,680.1314086914062,193.5905303955078,322.93341064453125,3045.51806640625,480.4402770996094,1407.7430419921875,1285.4130859375,1047.7589111328125,51.36874771118164,275.19537353515625,99.62187194824219,129527.8046875,40/40 loops,681.4630737304688,679.1802368164062,675.441650390625,682.3818969726562,679.6738891601562,674.8404541015625,683.23974609375,665.7880859375,684.523681640625,685.625732421875,692.72607421875,675.900634765625,674.6458740234375,681.9212646484375,676.8792724609375,687.8717041015625
2026-02-25 11:42:34,681.6197509765625,193.63638305664062,331.8631286621094,3051.984130859375,485.1496276855469,1409.079345703125,1288.0947265625,1047.784912109375,51.37750244140625,275.3641357421875,99.67625427246094,129527.9921875,50/50 loops,682.7019653320312,680.2161865234375,676.77880859375,683.8551635742188,681.38623046875,675.9095458984375,685.065673828125,667.8856811523438,685.6710815429688,687.0508422851562,694.3175048828125,677.4805297851562,675.9591674804688,683.54833984375,678.4638671875,689.626220703125
2026-02-25 11:43:28,682.5316162109375,193.4181365966797,335.78204345703125,3055.802734375,482.9014892578125,1404.0703125,1289.0797119140625,1050.75634765625,51.38750076293945,275.2298889160156,99.63229370117188,129528.1171875,60/60 loops,683.3024291992188,681.3773193359375,678.007568359375,684.4508666992188,682.3643188476562,677.1690673828125,686.0153198242188,668.3242797851562,686.7643432617188,687.794677734375,695.4237060546875,678.3857421875,676.761962890625,684.30712890625,679.4995727539062,690.55810546875
2026-02-25 11:44:22,683.2105102539062,193.62258911132812,337.9937438964844,3062.3857421875,484.1431579589844,1410.4212646484375,1290.626953125,1045.5413818359375,51.40892791748047,275.1408386230469,99.53839874267578,129528.203125,70/70 loops,684.1780395507812,681.7572631835938,678.97802734375,685.2705688476562,682.60400390625,677.712158203125,686.7264404296875,669.17236328125,687.2518920898438,688.5450439453125,695.9310913085938,679.3139038085938,677.599365234375,685.3516845703125,679.9613647460938,691.0150146484375
2026-02-25 11:45:12,683.7371215820312,193.45462036132812,343.81634521484375,3066.601318359375,488.34869384765625,1401.884765625,1291.7928466796875,1050.1781005859375,51.431251525878906,275.3270568847656,99.5179672241211,129528.265625,80/80 loops,684.8121948242188,682.7171020507812,679.7161865234375,685.4755249023438,683.0321655273438,678.6232299804688,687.1167602539062,669.4124145507812,687.9269409179688,689.2767944335938,696.4525756835938,679.9813232421875,677.9716796875,685.4335327148438,680.5146484375,691.33056640625
2026-02-25 11:46:04,684.231201171875,193.71514892578125,348.150390625,3068.998046875,492.93280029296875,1400.288330078125,1292.332763671875,1050.497314453125,51.44930648803711,275.477294921875,99.57014465332031,129528.3203125,90/90 loops,685.044921875,682.99072265625,679.933349609375,685.9898681640625,683.6630249023438,679.2083740234375,687.7738037109375,670.2655029296875,688.2500610351562,689.8161010742188,697.342529296875,680.2173461914062,678.1303100585938,685.9098510742188,681.2208251953125,691.9432983398438
2026-02-25 11:46:54,684.5401611328125,193.5338134765625,352.96429443359375,3072.405517578125,493.0057373046875,1398.61572265625,1293.415771484375,1052.022216796875,51.44062805175781,275.4969787597656,99.60562133789062,129528.3671875,100/100 loops,685.3313598632812,683.4691772460938,680.1864013671875,686.2291870117188,683.8607177734375,679.4007568359375,687.991943359375,670.3726196289062,688.7742309570312,690.2576293945312,697.7565307617188,680.5494384765625,678.3931884765625,686.2448120117188,681.4014282226562,692.4234008789062
2026-02-25 11:47:50,684.8612060546875,193.69320678710938,352.46331787109375,3081.486328125,491.6106262207031,1407.017333984375,1293.8798828125,1052.925048828125,51.43693542480469,275.356201171875,99.63920593261719,129528.390625,110/110 loops,685.6883544921875,683.8836059570312,680.3992309570312,686.4808349609375,684.2481079101562,679.7442016601562,688.3603515625,670.7869262695312,688.9515380859375,690.4371948242188,698.0133666992188,680.9051513671875,678.720947265625,686.5584106445312,681.897705078125,692.7044067382812
