timestamp,GPU Compute (TFLOPS),Network Bandwidth (GB/s),SSD Write (MB/s),SSD Read (MB/s),Home NFS Write (MB/s),Work NFS Write (MB/s),Avg Temp (C),Avg Power (W),Avg Util (%),Avg VRAM (MB),Progress
2026-02-03 13:22:50,663.0005493164062,117.0861587524414,200.30889892578125,3322.13037109375,391.48089599609375,1114.930419921875,34.6171875,111.00177764892578,0.0,129790.359375,10/200 loops (est)
2026-02-03 13:23:49,679.575439453125,124.4235610961914,221.002197265625,3331.780517578125,392.91705322265625,1176.3536376953125,34.82734298706055,111.1081771850586,0.0,129792.0546875,20/200 loops (est)
2026-02-03 13:24:46,685.2131958007812,126.74882507324219,241.34739685058594,3332.251220703125,398.6246337890625,1197.58935546875,34.913543701171875,111.15432739257812,0.0,129792.6171875,30/200 loops (est)
2026-02-03 13:25:43,687.980224609375,127.17301940917969,254.9082489013672,3333.05224609375,401.4605407714844,1213.606689453125,34.892578125,111.15019989013672,0.0,129792.890625,40/200 loops (est)
2026-02-03 13:26:37,689.7262573242188,128.00921630859375,276.79296875,3334.85546875,423.9693908691406,1221.271240234375,34.858436584472656,111.14692687988281,0.0,129793.0703125,50/200 loops (est)
2026-02-03 13:27:32,690.8547973632812,128.5037841796875,298.2645568847656,3336.5576171875,444.5137939453125,1225.71044921875,34.84687423706055,111.14564514160156,0.0,129793.1796875,60/200 loops (est)
2026-02-03 13:28:26,691.629638671875,128.87921142578125,311.28607177734375,3337.51953125,454.9630126953125,1226.79638671875,34.8569221496582,111.15269470214844,0.0,129793.2578125,70/200 loops (est)
2026-02-03 13:29:17,692.18408203125,129.14097595214844,322.4490661621094,3338.408447265625,466.50860595703125,1229.2880859375,34.8818359375,111.16537475585938,0.0,129793.3203125,80/200 loops (est)
2026-02-03 13:30:13,692.62890625,129.2237548828125,326.74951171875,3338.43994140625,473.08624267578125,1228.17529296875,34.909027099609375,111.17520904541016,0.0,129793.375,90/200 loops (est)
2026-02-03 13:31:05,692.9995727539062,129.4242401123047,332.77197265625,3338.944091796875,478.31683349609375,1226.753173828125,34.92625045776367,111.18492889404297,0.0,129793.390625,100/200 loops (est)
2026-02-03 13:31:59,693.338623046875,129.64407348632812,339.1697692871094,3339.60400390625,483.1871337890625,1226.08984375,34.921592712402344,111.18305206298828,0.0,129793.4375,110/200 loops (est)
2026-02-03 13:32:54,693.5772705078125,129.6741943359375,345.5376281738281,3339.77783203125,487.9010009765625,1224.3172607421875,34.899871826171875,111.1761245727539,0.0,129793.484375,120/200 loops (est)
2026-02-03 13:33:45,693.8078002929688,129.86160278320312,352.2958068847656,3340.219482421875,493.0748291015625,1224.247802734375,34.88557815551758,111.17192077636719,0.0,129793.4921875,130/200 loops (est)
2026-02-03 13:34:37,694.0136108398438,129.95596313476562,356.71514892578125,3340.65576171875,497.6412353515625,1224.6376953125,34.88995361328125,111.17442321777344,0.0,129793.5078125,140/200 loops (est)
2026-02-03 13:35:31,694.1715087890625,130.00787353515625,361.04742431640625,3341.407470703125,499.8621826171875,1226.5616455078125,34.90208053588867,111.17984008789062,0.0,129793.515625,150/200 loops (est)
2026-02-03 13:36:23,694.2957153320312,129.94357299804688,363.8508605957031,3341.9208984375,502.48931884765625,1231.1258544921875,34.919044494628906,111.18862915039062,0.0,129793.546875,160/200 loops (est)
2026-02-03 13:37:15,694.4031372070312,129.97064208984375,366.5909118652344,3341.932373046875,506.24560546875,1234.26513671875,34.92922592163086,111.19467163085938,0.0,129793.5546875,170/200 loops (est)
2026-02-03 13:38:06,694.5294189453125,130.0372314453125,369.576904296875,3342.750244140625,509.709228515625,1237.96630859375,34.92413330078125,111.1935806274414,0.0,129793.5625,180/200 loops (est)
2026-02-03 13:38:57,694.6264038085938,130.10272216796875,372.658935546875,3343.272705078125,511.9073181152344,1240.8974609375,34.908714294433594,111.18946838378906,0.0,129793.5703125,190/200 loops (est)
2026-02-03 13:39:48,694.7257080078125,130.1006317138672,374.512939453125,3343.5166015625,514.47509765625,1242.2176513671875,34.901405334472656,111.18800354003906,0.0,129793.5703125,200/200 loops (est)
2026-02-03 13:40:36,694.8277587890625,130.12159729003906,377.6539306640625,3344.035888671875,517.74755859375,1244.7401123046875,34.90885543823242,111.19200897216797,0.0,129793.578125,210/200 loops (est)
2026-02-03 13:41:24,694.8995971679688,130.14329528808594,379.8019104003906,3344.550537109375,520.6428833007812,1247.234130859375,34.9222297668457,111.19896697998047,0.0,129793.609375,220/200 loops (est)
